id;name;surname;gender;birth;date;phone;note
1;Fatih;Erdem;Erkek;2020-03-19 00:00:00.000000;2020-08-28 00:58:45.170871;902288109627;quis custodiet ipsos custodes?
3;Elieth;Conroy;Kadin;2020-03-19 00:00:00.000000;2020-08-28 00:58:45.170871;902288109627;
4;Paysen;Leann;Kadin;2020-03-19 00:00:00.000000;2020-08-28 01:00:13.966657;906024479177;Praesent at dolor quis tortor tincidunt efficitur ut in justo.
5;Mahati;Serayah;Kadin;2020-03-19 00:00:00.000000;2020-08-28 01:02:51.768463;907013713197;Cras et augue eget mauris ultrices congue id ac metus.
6;Shavy;Saveah;Erkek;2020-03-19 00:00:00.000000;2020-08-28 01:03:53.793592;902299743214;Praesent aliquam diam vel quam aliquam suscipit.
7;Leanah;Exzavier;Erkek;2020-03-19 00:00:00.000000;2020-08-28 01:04:25.479947;902954035020;Praesent ut nunc in nisl ornare viverra quis sit amet felis.
8;Rylyn;Noir;Kadin;2020-03-19 00:00:00.000000;2020-08-28 01:12:21.461238;907048023647;
9;Emely;Benedicta;Kadin;2020-03-19 00:00:00.000000;2020-08-28 01:17:17.175287;909116322815;Cras aliquet nunc a felis venenatis, ut hendrerit dui fermentum.
10;Khloi;Evaluna;Kadin;2020-03-19 00:00:00.000000;2020-08-28 01:17:28.643711;;Pellentesque scelerisque quam et massa ultrices sodales.
11;Zurii;Ravyn;Erkek;2020-03-19 00:00:00.000000;2020-08-28 17:18:08.985113;905988451831;Curabitur at ex at ligula sagittis eleifend eget in mauris.
12;Lachlyn;Adeola;Erkek;2020-03-19 00:00:00.000000;2020-08-28 17:18:08.985113;902697716394;
13;Maksymilian;Eziah;Kadin;2020-03-19 00:00:00.000000;2020-08-28 17:18:08.985113;904766563338;Duis tempor elit ac sollicitudin tristique.
14;Raymier;Eylan;Kadin;2020-03-19 00:00:00.000000;2020-08-28 17:18:08.985113;902765626722;Cras nec velit et nisl finibus tristique.
15;Joleah;Roldan;Kadin;2020-03-19 00:00:00.000000;2020-08-28 17:18:08.985113;909682126943;Vestibulum eu mauris lobortis enim dapibus viverra.
16;Heavyn;Everlynn;Erkek;2020-03-19 00:00:00.000000;2020-08-28 17:18:08.985113;;Suspendisse eget nunc feugiat, tempus risus at, interdum tellus.
17;Chauncy;Brodix;Erkek;2020-03-19 00:00:00.000000;2020-08-28 17:18:08.985113;907055637935;
18;Caileigh;Lamaya;Kadin;2020-03-19 00:00:00.000000;2020-08-28 17:18:08.985113;902457530900;Ut id nulla nec magna dictum fermentum.
19;Jadan;Whitfield;Kadin;2020-03-19 00:00:00.000000;2020-08-28 17:18:08.985113;908827358942;Nulla pretium nunc in diam imperdiet, ac venenatis felis placerat.
20;Adonias;Sahib;Kadin;2020-03-19 00:00:00.000000;2020-08-28 17:18:08.985113;905076963269;Praesent ac mi vulputate, suscipit elit ac, ullamcorper urna.
21;Cihan;Özcan;Erkek;2020-03-02 00:00:00.000000;2020-08-28 20:34:02.803902;5324215485148;sdfghjkhgfdsadf
